Firstname,Surname,Email,ID,Gate,Departure
John,Doe,johndoe@gmail.com,120,1,10:55
Jane,Doe,janedoe@gmail.com,121,2,13:25
Eric,Smith,ericsmith@gmail.com,123,3,20:30
Sam,Robertson,samuelellisrobertson@gmail.com,124,4,08:00
Penny,Johnson,pennyjohnson@gmail.com,125,5,04:30
Sammy,Jones,sammyjones@gmail.com,126,6,13:45
Ben,Paige,benpaige@gmail.com,127,3,10:40
